,Error,Response
0,Invalid API key!,False
1,Invalid API key!,False
2,Invalid API key!,False
3,Invalid API key!,False
4,Invalid API key!,False
5,Invalid API key!,False
6,Invalid API key!,False
7,Invalid API key!,False
8,Invalid API key!,False
9,Invalid API key!,False
10,Invalid API key!,False
11,Invalid API key!,False
12,Invalid API key!,False
13,Invalid API key!,False
14,Invalid API key!,False
15,Invalid API key!,False
16,Invalid API key!,False
17,Invalid API key!,False
18,Invalid API key!,False
19,Invalid API key!,False
20,Invalid API key!,False
21,Invalid API key!,False
22,Invalid API key!,False
23,Invalid API key!,False
24,Invalid API key!,False
25,Invalid API key!,False
26,Invalid API key!,False
27,Invalid API key!,False
28,Invalid API key!,False
29,Invalid API key!,False
30,Invalid API key!,False
31,Invalid API key!,False
32,Invalid API key!,False
33,Invalid API key!,False
34,Invalid API key!,False
35,Invalid API key!,False
36,Invalid API key!,False
37,Invalid API key!,False
38,Invalid API key!,False
39,Invalid API key!,False
40,Invalid API key!,False
41,Invalid API key!,False
42,Invalid API key!,False
43,Invalid API key!,False
44,Invalid API key!,False
45,Invalid API key!,False
46,Invalid API key!,False
47,Invalid API key!,False
48,Invalid API key!,False
49,Invalid API key!,False
50,Invalid API key!,False
51,Invalid API key!,False
52,Invalid API key!,False
53,Invalid API key!,False
54,Invalid API key!,False
55,Invalid API key!,False
56,Invalid API key!,False
57,Invalid API key!,False
58,Invalid API key!,False
59,Invalid API key!,False
60,Invalid API key!,False
61,Invalid API key!,False
62,Invalid API key!,False
63,Invalid API key!,False
64,Invalid API key!,False
65,Invalid API key!,False
66,Invalid API key!,False
67,Invalid API key!,False
68,Invalid API key!,False
69,Invalid API key!,False
70,Invalid API key!,False
71,Invalid API key!,False
72,Invalid API key!,False
73,Invalid API key!,False
74,Invalid API key!,False
75,Invalid API key!,False
76,Invalid API key!,False
77,Invalid API key!,False
78,Invalid API key!,False
79,Invalid API key!,False
80,Invalid API key!,False
81,Invalid API key!,False
82,Invalid API key!,False
83,Invalid API key!,False
84,Invalid API key!,False
85,Invalid API key!,False
86,Invalid API key!,False
87,Invalid API key!,False
88,Invalid API key!,False
89,Invalid API key!,False
90,Invalid API key!,False
91,Invalid API key!,False
92,Invalid API key!,False
93,Invalid API key!,False
94,Invalid API key!,False
95,Invalid API key!,False
96,Invalid API key!,False
97,Invalid API key!,False
98,Invalid API key!,False
99,Invalid API key!,False
100,Invalid API key!,False
101,Invalid API key!,False
102,Invalid API key!,False
103,Invalid API key!,False
104,Invalid API key!,False
105,Invalid API key!,False
106,Invalid API key!,False
107,Invalid API key!,False
108,Invalid API key!,False
109,Invalid API key!,False
110,Invalid API key!,False
111,Invalid API key!,False
112,Invalid API key!,False
113,Invalid API key!,False
114,Invalid API key!,False
115,Invalid API key!,False
116,Invalid API key!,False
117,Invalid API key!,False
118,Invalid API key!,False
119,Invalid API key!,False
120,Invalid API key!,False
121,Invalid API key!,False
122,Invalid API key!,False
123,Invalid API key!,False
124,Invalid API key!,False
125,Invalid API key!,False
126,Invalid API key!,False
127,Invalid API key!,False
128,Invalid API key!,False
129,Invalid API key!,False
130,Invalid API key!,False
131,Invalid API key!,False
132,Invalid API key!,False
133,Invalid API key!,False
134,Invalid API key!,False
135,Invalid API key!,False
136,Invalid API key!,False
137,Invalid API key!,False
138,Invalid API key!,False
139,Invalid API key!,False
140,Invalid API key!,False
141,Invalid API key!,False
142,Invalid API key!,False
143,Invalid API key!,False
144,Invalid API key!,False
145,Invalid API key!,False
146,Invalid API key!,False
147,Invalid API key!,False
148,Invalid API key!,False
149,Invalid API key!,False
150,Invalid API key!,False
151,Invalid API key!,False
152,Invalid API key!,False
153,Invalid API key!,False
154,Invalid API key!,False
155,Invalid API key!,False
156,Invalid API key!,False
157,Invalid API key!,False
158,Invalid API key!,False
159,Invalid API key!,False
160,Invalid API key!,False
161,Invalid API key!,False
162,Invalid API key!,False
163,Invalid API key!,False
164,Invalid API key!,False
165,Invalid API key!,False
166,Invalid API key!,False
167,Invalid API key!,False
168,Invalid API key!,False
169,Invalid API key!,False
170,Invalid API key!,False
171,Invalid API key!,False
172,Invalid API key!,False
173,Invalid API key!,False
174,Invalid API key!,False
175,Invalid API key!,False
176,Invalid API key!,False
177,Invalid API key!,False
178,Invalid API key!,False
179,Invalid API key!,False
180,Invalid API key!,False
181,Invalid API key!,False
182,Invalid API key!,False
183,Invalid API key!,False
184,Invalid API key!,False
185,Invalid API key!,False
186,Invalid API key!,False
187,Invalid API key!,False
188,Invalid API key!,False
189,Invalid API key!,False
190,Invalid API key!,False
191,Invalid API key!,False
192,Invalid API key!,False
193,Invalid API key!,False
194,Invalid API key!,False
195,Invalid API key!,False
196,Invalid API key!,False
197,Invalid API key!,False
198,Invalid API key!,False
199,Invalid API key!,False
200,Invalid API key!,False
201,Invalid API key!,False
202,Invalid API key!,False
203,Invalid API key!,False
204,Invalid API key!,False
205,Invalid API key!,False
206,Invalid API key!,False
207,Invalid API key!,False
208,Invalid API key!,False
209,Invalid API key!,False
210,Invalid API key!,False
211,Invalid API key!,False
212,Invalid API key!,False
213,Invalid API key!,False
214,Invalid API key!,False
215,Invalid API key!,False
216,Invalid API key!,False
217,Invalid API key!,False
218,Invalid API key!,False
219,Invalid API key!,False
220,Invalid API key!,False
221,Invalid API key!,False
222,Invalid API key!,False
223,Invalid API key!,False
224,Invalid API key!,False
225,Invalid API key!,False
226,Invalid API key!,False
227,Invalid API key!,False
228,Invalid API key!,False
229,Invalid API key!,False
230,Invalid API key!,False
231,Invalid API key!,False
232,Invalid API key!,False
233,Invalid API key!,False
234,Invalid API key!,False
235,Invalid API key!,False
236,Invalid API key!,False
237,Invalid API key!,False
238,Invalid API key!,False
239,Invalid API key!,False
240,Invalid API key!,False
241,Invalid API key!,False
242,Invalid API key!,False
243,Invalid API key!,False
244,Invalid API key!,False
245,Invalid API key!,False
246,Invalid API key!,False
247,Invalid API key!,False
248,Invalid API key!,False
249,Invalid API key!,False
250,Invalid API key!,False
251,Invalid API key!,False
252,Invalid API key!,False
253,Invalid API key!,False
254,Invalid API key!,False
255,Invalid API key!,False
256,Invalid API key!,False
257,Invalid API key!,False
258,Invalid API key!,False
259,Invalid API key!,False
260,Invalid API key!,False
261,Invalid API key!,False
262,Invalid API key!,False
263,Invalid API key!,False
264,Invalid API key!,False
265,Invalid API key!,False
266,Invalid API key!,False
267,Invalid API key!,False
268,Invalid API key!,False
269,Invalid API key!,False
270,Invalid API key!,False
271,Invalid API key!,False
272,Invalid API key!,False
273,Invalid API key!,False
274,Invalid API key!,False
275,Invalid API key!,False
276,Invalid API key!,False
277,Invalid API key!,False
278,Invalid API key!,False
279,Invalid API key!,False
280,Invalid API key!,False
281,Invalid API key!,False
282,Invalid API key!,False
283,Invalid API key!,False
284,Invalid API key!,False
285,Invalid API key!,False
286,Invalid API key!,False
287,Invalid API key!,False
288,Invalid API key!,False
289,Invalid API key!,False
290,Invalid API key!,False
291,Invalid API key!,False
292,Invalid API key!,False
293,Invalid API key!,False
294,Invalid API key!,False
295,Invalid API key!,False
296,Invalid API key!,False
297,Invalid API key!,False
298,Invalid API key!,False
299,Invalid API key!,False
300,Invalid API key!,False
301,Invalid API key!,False
302,Invalid API key!,False
303,Invalid API key!,False
304,Invalid API key!,False
305,Invalid API key!,False
306,Invalid API key!,False
307,Invalid API key!,False
308,Invalid API key!,False
309,Invalid API key!,False
310,Invalid API key!,False
311,Invalid API key!,False
312,Invalid API key!,False
313,Invalid API key!,False
314,Invalid API key!,False
315,Invalid API key!,False
316,Invalid API key!,False
317,Invalid API key!,False
318,Invalid API key!,False
319,Invalid API key!,False
320,Invalid API key!,False
321,Invalid API key!,False
322,Invalid API key!,False
323,Invalid API key!,False
324,Invalid API key!,False
325,Invalid API key!,False
326,Invalid API key!,False
327,Invalid API key!,False
328,Invalid API key!,False
329,Invalid API key!,False
330,Invalid API key!,False
331,Invalid API key!,False
332,Invalid API key!,False
333,Invalid API key!,False
334,Invalid API key!,False
335,Invalid API key!,False
336,Invalid API key!,False
337,Invalid API key!,False
338,Invalid API key!,False
339,Invalid API key!,False
340,Invalid API key!,False
341,Invalid API key!,False
342,Invalid API key!,False
343,Invalid API key!,False
344,Invalid API key!,False
345,Invalid API key!,False
346,Invalid API key!,False
347,Invalid API key!,False
348,Invalid API key!,False
349,Invalid API key!,False
350,Invalid API key!,False
351,Invalid API key!,False
352,Invalid API key!,False
353,Invalid API key!,False
354,Invalid API key!,False
355,Invalid API key!,False
356,Invalid API key!,False
357,Invalid API key!,False
358,Invalid API key!,False
359,Invalid API key!,False
360,Invalid API key!,False
361,Invalid API key!,False
362,Invalid API key!,False
363,Invalid API key!,False
364,Invalid API key!,False
365,Invalid API key!,False
366,Invalid API key!,False
367,Invalid API key!,False
368,Invalid API key!,False
369,Invalid API key!,False
370,Invalid API key!,False
371,Invalid API key!,False
372,Invalid API key!,False
373,Invalid API key!,False
374,Invalid API key!,False
375,Invalid API key!,False
376,Invalid API key!,False
377,Invalid API key!,False
378,Invalid API key!,False
379,Invalid API key!,False
380,Invalid API key!,False
381,Invalid API key!,False
382,Invalid API key!,False
383,Invalid API key!,False
384,Invalid API key!,False
385,Invalid API key!,False
386,Invalid API key!,False
387,Invalid API key!,False
388,Invalid API key!,False
389,Invalid API key!,False
390,Invalid API key!,False
391,Invalid API key!,False
392,Invalid API key!,False
393,Invalid API key!,False
394,Invalid API key!,False
395,Invalid API key!,False
396,Invalid API key!,False
397,Invalid API key!,False
398,Invalid API key!,False
399,Invalid API key!,False
400,Invalid API key!,False
401,Invalid API key!,False
402,Invalid API key!,False
403,Invalid API key!,False
404,Invalid API key!,False
405,Invalid API key!,False
406,Invalid API key!,False
407,Invalid API key!,False
408,Invalid API key!,False
409,Invalid API key!,False
410,Invalid API key!,False
411,Invalid API key!,False
412,Invalid API key!,False
413,Invalid API key!,False
414,Invalid API key!,False
415,Invalid API key!,False
416,Invalid API key!,False
417,Invalid API key!,False
418,Invalid API key!,False
419,Invalid API key!,False
420,Invalid API key!,False
421,Invalid API key!,False
422,Invalid API key!,False
423,Invalid API key!,False
424,Invalid API key!,False
425,Invalid API key!,False
426,Invalid API key!,False
427,Invalid API key!,False
428,Invalid API key!,False
429,Invalid API key!,False
430,Invalid API key!,False
431,Invalid API key!,False
432,Invalid API key!,False
433,Invalid API key!,False
434,Invalid API key!,False
435,Invalid API key!,False
436,Invalid API key!,False
437,Invalid API key!,False
438,Invalid API key!,False
439,Invalid API key!,False
440,Invalid API key!,False
441,Invalid API key!,False
442,Invalid API key!,False
443,Invalid API key!,False
444,Invalid API key!,False
445,Invalid API key!,False
446,Invalid API key!,False
447,Invalid API key!,False
448,Invalid API key!,False
449,Invalid API key!,False
450,Invalid API key!,False
451,Invalid API key!,False
452,Invalid API key!,False
453,Invalid API key!,False
454,Invalid API key!,False
455,Invalid API key!,False
456,Invalid API key!,False
457,Invalid API key!,False
458,Invalid API key!,False
459,Invalid API key!,False
460,Invalid API key!,False
461,Invalid API key!,False
462,Invalid API key!,False
463,Invalid API key!,False
464,Invalid API key!,False
465,Invalid API key!,False
466,Invalid API key!,False
467,Invalid API key!,False
468,Invalid API key!,False
469,Invalid API key!,False
470,Invalid API key!,False
471,Invalid API key!,False
472,Invalid API key!,False
473,Invalid API key!,False
474,Invalid API key!,False
475,Invalid API key!,False
476,Invalid API key!,False
477,Invalid API key!,False
478,Invalid API key!,False
479,Invalid API key!,False
480,Invalid API key!,False
481,Invalid API key!,False
482,Invalid API key!,False
483,Invalid API key!,False
484,Invalid API key!,False
485,Invalid API key!,False
486,Invalid API key!,False
487,Invalid API key!,False
488,Invalid API key!,False
489,Invalid API key!,False
490,Invalid API key!,False
491,Invalid API key!,False
492,Invalid API key!,False
493,Invalid API key!,False
494,Invalid API key!,False
495,Invalid API key!,False
496,Invalid API key!,False
497,Invalid API key!,False
498,Invalid API key!,False
499,Invalid API key!,False
500,Invalid API key!,False
501,Invalid API key!,False
502,Invalid API key!,False
503,Invalid API key!,False
504,Invalid API key!,False
505,Invalid API key!,False
506,Invalid API key!,False
507,Invalid API key!,False
508,Invalid API key!,False
509,Invalid API key!,False
510,Invalid API key!,False
511,Invalid API key!,False
512,Invalid API key!,False
513,Invalid API key!,False
514,Invalid API key!,False
515,Invalid API key!,False
516,Invalid API key!,False
517,Invalid API key!,False
518,Invalid API key!,False
519,Invalid API key!,False
520,Invalid API key!,False
521,Invalid API key!,False
522,Invalid API key!,False
523,Invalid API key!,False
524,Invalid API key!,False
525,Invalid API key!,False
526,Invalid API key!,False
527,Invalid API key!,False
528,Invalid API key!,False
529,Invalid API key!,False
530,Invalid API key!,False
531,Invalid API key!,False
532,Invalid API key!,False
533,Invalid API key!,False
534,Invalid API key!,False
535,Invalid API key!,False
536,Invalid API key!,False
537,Invalid API key!,False
538,Invalid API key!,False
539,Invalid API key!,False
540,Invalid API key!,False
541,Invalid API key!,False
542,Invalid API key!,False
543,Invalid API key!,False
544,Invalid API key!,False
545,Invalid API key!,False
546,Invalid API key!,False
547,Invalid API key!,False
548,Invalid API key!,False
549,Invalid API key!,False
550,Invalid API key!,False
551,Invalid API key!,False
552,Invalid API key!,False
553,Invalid API key!,False
554,Invalid API key!,False
555,Invalid API key!,False
556,Invalid API key!,False
557,Invalid API key!,False
558,Invalid API key!,False
559,Invalid API key!,False
560,Invalid API key!,False
561,Invalid API key!,False
562,Invalid API key!,False
563,Invalid API key!,False
564,Invalid API key!,False
565,Invalid API key!,False
566,Invalid API key!,False
567,Invalid API key!,False
568,Invalid API key!,False
569,Invalid API key!,False
570,Invalid API key!,False
571,Invalid API key!,False
572,Invalid API key!,False
573,Invalid API key!,False
574,Invalid API key!,False
575,Invalid API key!,False
576,Invalid API key!,False
577,Invalid API key!,False
578,Invalid API key!,False
579,Invalid API key!,False
580,Invalid API key!,False
581,Invalid API key!,False
582,Invalid API key!,False
583,Invalid API key!,False
584,Invalid API key!,False
585,Invalid API key!,False
586,Invalid API key!,False
587,Invalid API key!,False
588,Invalid API key!,False
589,Invalid API key!,False
590,Invalid API key!,False
591,Invalid API key!,False
592,Invalid API key!,False
593,Invalid API key!,False
594,Invalid API key!,False
595,Invalid API key!,False
596,Invalid API key!,False
597,Invalid API key!,False
598,Invalid API key!,False
599,Invalid API key!,False
600,Invalid API key!,False
601,Invalid API key!,False
602,Invalid API key!,False
603,Invalid API key!,False
604,Invalid API key!,False
605,Invalid API key!,False
606,Invalid API key!,False
607,Invalid API key!,False
608,Invalid API key!,False
609,Invalid API key!,False
610,Invalid API key!,False
611,Invalid API key!,False
612,Invalid API key!,False
613,Invalid API key!,False
614,Invalid API key!,False
615,Invalid API key!,False
616,Invalid API key!,False
617,Invalid API key!,False
618,Invalid API key!,False
619,Invalid API key!,False
620,Invalid API key!,False
621,Invalid API key!,False
622,Invalid API key!,False
623,Invalid API key!,False
624,Invalid API key!,False
625,Invalid API key!,False
626,Invalid API key!,False
627,Invalid API key!,False
628,Invalid API key!,False
629,Invalid API key!,False
630,Invalid API key!,False
631,Invalid API key!,False
632,Invalid API key!,False
633,Invalid API key!,False
634,Invalid API key!,False
635,Invalid API key!,False
636,Invalid API key!,False
637,Invalid API key!,False
638,Invalid API key!,False
639,Invalid API key!,False
640,Invalid API key!,False
641,Invalid API key!,False
642,Invalid API key!,False
643,Invalid API key!,False
644,Invalid API key!,False
645,Invalid API key!,False
646,Invalid API key!,False
647,Invalid API key!,False
648,Invalid API key!,False
649,Invalid API key!,False
650,Invalid API key!,False
651,Invalid API key!,False
652,Invalid API key!,False
653,Invalid API key!,False
654,Invalid API key!,False
655,Invalid API key!,False
656,Invalid API key!,False
657,Invalid API key!,False
658,Invalid API key!,False
659,Invalid API key!,False
660,Invalid API key!,False
661,Invalid API key!,False
662,Invalid API key!,False
663,Invalid API key!,False
664,Invalid API key!,False
665,Invalid API key!,False
666,Invalid API key!,False
667,Invalid API key!,False
668,Invalid API key!,False
669,Invalid API key!,False
670,Invalid API key!,False
671,Invalid API key!,False
672,Invalid API key!,False
673,Invalid API key!,False
674,Invalid API key!,False
675,Invalid API key!,False
676,Invalid API key!,False
677,Invalid API key!,False
678,Invalid API key!,False
679,Invalid API key!,False
680,Invalid API key!,False
681,Invalid API key!,False
682,Invalid API key!,False
683,Invalid API key!,False
684,Invalid API key!,False
685,Invalid API key!,False
686,Invalid API key!,False
687,Invalid API key!,False
688,Invalid API key!,False
689,Invalid API key!,False
690,Invalid API key!,False
691,Invalid API key!,False
692,Invalid API key!,False
693,Invalid API key!,False
694,Invalid API key!,False
695,Invalid API key!,False
696,Invalid API key!,False
697,Invalid API key!,False
698,Invalid API key!,False
699,Invalid API key!,False
700,Invalid API key!,False
701,Invalid API key!,False
702,Invalid API key!,False
703,Invalid API key!,False
704,Invalid API key!,False
705,Invalid API key!,False
706,Invalid API key!,False
707,Invalid API key!,False
708,Invalid API key!,False
709,Invalid API key!,False
710,Invalid API key!,False
711,Invalid API key!,False
712,Invalid API key!,False
713,Invalid API key!,False
714,Invalid API key!,False
715,Invalid API key!,False
716,Invalid API key!,False
717,Invalid API key!,False
718,Invalid API key!,False
719,Invalid API key!,False
720,Invalid API key!,False
721,Invalid API key!,False
722,Invalid API key!,False
723,Invalid API key!,False
724,Invalid API key!,False
725,Invalid API key!,False
726,Invalid API key!,False
727,Invalid API key!,False
728,Invalid API key!,False
729,Invalid API key!,False
730,Invalid API key!,False
731,Invalid API key!,False
732,Invalid API key!,False
733,Invalid API key!,False
734,Invalid API key!,False
735,Invalid API key!,False
736,Invalid API key!,False
737,Invalid API key!,False
738,Invalid API key!,False
739,Invalid API key!,False
740,Invalid API key!,False
741,Invalid API key!,False
742,Invalid API key!,False
743,Invalid API key!,False
744,Invalid API key!,False
745,Invalid API key!,False
746,Invalid API key!,False
747,Invalid API key!,False
748,Invalid API key!,False
749,Invalid API key!,False
750,Invalid API key!,False
751,Invalid API key!,False
752,Invalid API key!,False
753,Invalid API key!,False
754,Invalid API key!,False
755,Invalid API key!,False
756,Invalid API key!,False
757,Invalid API key!,False
758,Invalid API key!,False
759,Invalid API key!,False
760,Invalid API key!,False
761,Invalid API key!,False
762,Invalid API key!,False
763,Invalid API key!,False
764,Invalid API key!,False
765,Invalid API key!,False
766,Invalid API key!,False
767,Invalid API key!,False
768,Invalid API key!,False
769,Invalid API key!,False
770,Invalid API key!,False
771,Invalid API key!,False
772,Invalid API key!,False
773,Invalid API key!,False
774,Invalid API key!,False
775,Invalid API key!,False
776,Invalid API key!,False
777,Invalid API key!,False
778,Invalid API key!,False
779,Invalid API key!,False
780,Invalid API key!,False
781,Invalid API key!,False
782,Invalid API key!,False
783,Invalid API key!,False
784,Invalid API key!,False
785,Invalid API key!,False
786,Invalid API key!,False
787,Invalid API key!,False
788,Invalid API key!,False
789,Invalid API key!,False
790,Invalid API key!,False
791,Invalid API key!,False
792,Invalid API key!,False
793,Invalid API key!,False
794,Invalid API key!,False
795,Invalid API key!,False
796,Invalid API key!,False
797,Invalid API key!,False
798,Invalid API key!,False
799,Invalid API key!,False
800,Invalid API key!,False
801,Invalid API key!,False
802,Invalid API key!,False
803,Invalid API key!,False
804,Invalid API key!,False
805,Invalid API key!,False
806,Invalid API key!,False
807,Invalid API key!,False
808,Invalid API key!,False
809,Invalid API key!,False
810,Invalid API key!,False
811,Invalid API key!,False
812,Invalid API key!,False
813,Invalid API key!,False
814,Invalid API key!,False
815,Invalid API key!,False
816,Invalid API key!,False
817,Invalid API key!,False
818,Invalid API key!,False
819,Invalid API key!,False
820,Invalid API key!,False
821,Invalid API key!,False
822,Invalid API key!,False
823,Invalid API key!,False
824,Invalid API key!,False
825,Invalid API key!,False
826,Invalid API key!,False
827,Invalid API key!,False
828,Invalid API key!,False
829,Invalid API key!,False
830,Invalid API key!,False
831,Invalid API key!,False
832,Invalid API key!,False
833,Invalid API key!,False
834,Invalid API key!,False
835,Invalid API key!,False
836,Invalid API key!,False
837,Invalid API key!,False
838,Invalid API key!,False
839,Invalid API key!,False
840,Invalid API key!,False
841,Invalid API key!,False
842,Invalid API key!,False
843,Invalid API key!,False
844,Invalid API key!,False
845,Invalid API key!,False
846,Invalid API key!,False
847,Invalid API key!,False
848,Invalid API key!,False
849,Invalid API key!,False
850,Invalid API key!,False
851,Invalid API key!,False
852,Invalid API key!,False
853,Invalid API key!,False
854,Invalid API key!,False
855,Invalid API key!,False
856,Invalid API key!,False
857,Invalid API key!,False
858,Invalid API key!,False
859,Invalid API key!,False
860,Invalid API key!,False
861,Invalid API key!,False
862,Invalid API key!,False
863,Invalid API key!,False
864,Invalid API key!,False
865,Invalid API key!,False
866,Invalid API key!,False
867,Invalid API key!,False
868,Invalid API key!,False
869,Invalid API key!,False
870,Invalid API key!,False
871,Invalid API key!,False
872,Invalid API key!,False
873,Invalid API key!,False
874,Invalid API key!,False
875,Invalid API key!,False
876,Invalid API key!,False
877,Invalid API key!,False
878,Invalid API key!,False
879,Invalid API key!,False
880,Invalid API key!,False
881,Invalid API key!,False
882,Invalid API key!,False
883,Invalid API key!,False
884,Invalid API key!,False
885,Invalid API key!,False
886,Invalid API key!,False
887,Invalid API key!,False
888,Invalid API key!,False
889,Invalid API key!,False
890,Invalid API key!,False
891,Invalid API key!,False
892,Invalid API key!,False
893,Invalid API key!,False
894,Invalid API key!,False
895,Invalid API key!,False
896,Invalid API key!,False
897,Invalid API key!,False
